pdb,res,num,phi,psi,-10,-9,-8,-7,-6,-5,-4,-3,-2,-1,0,1,2,3,4,5,6,7,8,9,10
3NIR,THR,2,-106.442,150.209,EEE,EEE,EEE,EEE,EEE,EEE,EEE,EEE,EEE,THR,THR,CYS,CYS,PRO,SER,ILE,VAL,ALA,ARG,SER,ASN
3NIR,CYS,3,-138.194,137.598,EEE,EEE,EEE,EEE,EEE,EEE,EEE,EEE,THR,THR,CYS,CYS,PRO,SER,ILE,VAL,ALA,ARG,SER,ASN,PHE
3NIR,CYS,4,-123.617,147.918,EEE,EEE,EEE,EEE,EEE,EEE,EEE,THR,THR,CYS,CYS,PRO,SER,ILE,VAL,ALA,ARG,SER,ASN,PHE,ASN
3NIR,PRO,5,-76.691,-19.95,EEE,EEE,EEE,EEE,EEE,EEE,THR,THR,CYS,CYS,PRO,SER,ILE,VAL,ALA,ARG,SER,ASN,PHE,ASN,VAL
3NIR,SER,6,-155.713,172.577,EEE,EEE,EEE,EEE,EEE,THR,THR,CYS,CYS,PRO,SER,ILE,VAL,ALA,ARG,SER,ASN,PHE,ASN,VAL,CYS
3NIR,ILE,7,-80.409,-33.67,EEE,EEE,EEE,EEE,THR,THR,CYS,CYS,PRO,SER,ILE,VAL,ALA,ARG,SER,ASN,PHE,ASN,VAL,CYS,ARG
3NIR,VAL,8,-56.983,-40.378,EEE,EEE,EEE,THR,THR,CYS,CYS,PRO,SER,ILE,VAL,ALA,ARG,SER,ASN,PHE,ASN,VAL,CYS,ARG,LEU
3NIR,ALA,9,-67.367,-42.487,EEE,EEE,THR,THR,CYS,CYS,PRO,SER,ILE,VAL,ALA,ARG,SER,ASN,PHE,ASN,VAL,CYS,ARG,LEU,PRO
3NIR,ARG,10,-62.393,-44.921,EEE,THR,THR,CYS,CYS,PRO,SER,ILE,VAL,ALA,ARG,SER,ASN,PHE,ASN,VAL,CYS,ARG,LEU,PRO,GLY
3NIR,SER,11,-61.009,-38.232,THR,THR,CYS,CYS,PRO,SER,ILE,VAL,ALA,ARG,SER,ASN,PHE,ASN,VAL,CYS,ARG,LEU,PRO,GLY,THR
3NIR,ASN,12,-74.321,-33.058,THR,CYS,CYS,PRO,SER,ILE,VAL,ALA,ARG,SER,ASN,PHE,ASN,VAL,CYS,ARG,LEU,PRO,GLY,THR,SER
3NIR,PHE,13,-54.252,-49.548,CYS,CYS,PRO,SER,ILE,VAL,ALA,ARG,SER,ASN,PHE,ASN,VAL,CYS,ARG,LEU,PRO,GLY,THR,SER,GLU
3NIR,ASN,14,-65.418,-35.276,CYS,PRO,SER,ILE,VAL,ALA,ARG,SER,ASN,PHE,ASN,VAL,CYS,ARG,LEU,PRO,GLY,THR,SER,GLU,ALA
3NIR,VAL,15,-66.757,-43.976,PRO,SER,ILE,VAL,ALA,ARG,SER,ASN,PHE,ASN,VAL,CYS,ARG,LEU,PRO,GLY,THR,SER,GLU,ALA,ILE
3NIR,CYS,16,-55.077,-36.071,SER,ILE,VAL,ALA,ARG,SER,ASN,PHE,ASN,VAL,CYS,ARG,LEU,PRO,GLY,THR,SER,GLU,ALA,ILE,CYS
3NIR,ARG,17,-74.512,-20.509,ILE,VAL,ALA,ARG,SER,ASN,PHE,ASN,VAL,CYS,ARG,LEU,PRO,GLY,THR,SER,GLU,ALA,ILE,CYS,ALA
3NIR,LEU,18,-53.675,-43.537,VAL,ALA,ARG,SER,ASN,PHE,ASN,VAL,CYS,ARG,LEU,PRO,GLY,THR,SER,GLU,ALA,ILE,CYS,ALA,THR
3NIR,PRO,19,-77.009,-4.212,ALA,ARG,SER,ASN,PHE,ASN,VAL,CYS,ARG,LEU,PRO,GLY,THR,SER,GLU,ALA,ILE,CYS,ALA,THR,TYR
3NIR,GLY,20,102.047,7.993,ARG,SER,ASN,PHE,ASN,VAL,CYS,ARG,LEU,PRO,GLY,THR,SER,GLU,ALA,ILE,CYS,ALA,THR,TYR,THR
3NIR,THR,21,-51.799,143.685,SER,ASN,PHE,ASN,VAL,CYS,ARG,LEU,PRO,GLY,THR,SER,GLU,ALA,ILE,CYS,ALA,THR,TYR,THR,GLY
3NIR,SER,22,-62.879,160.256,ASN,PHE,ASN,VAL,CYS,ARG,LEU,PRO,GLY,THR,SER,GLU,ALA,ILE,CYS,ALA,THR,TYR,THR,GLY,CYS
3NIR,GLU,23,-63.878,-38.063,PHE,ASN,VAL,CYS,ARG,LEU,PRO,GLY,THR,SER,GLU,ALA,ILE,CYS,ALA,THR,TYR,THR,GLY,CYS,ILE
3NIR,ALA,24,-64.97,-43.694,ASN,VAL,CYS,ARG,LEU,PRO,GLY,THR,SER,GLU,ALA,ILE,CYS,ALA,THR,TYR,THR,GLY,CYS,ILE,ILE
3NIR,ILE,25,-64.756,-41.603,VAL,CYS,ARG,LEU,PRO,GLY,THR,SER,GLU,ALA,ILE,CYS,ALA,THR,TYR,THR,GLY,CYS,ILE,ILE,ILE
3NIR,CYS,26,-61.2,-29.941,CYS,ARG,LEU,PRO,GLY,THR,SER,GLU,ALA,ILE,CYS,ALA,THR,TYR,THR,GLY,CYS,ILE,ILE,ILE,PRO
3NIR,ALA,27,-64.033,-54.51,ARG,LEU,PRO,GLY,THR,SER,GLU,ALA,ILE,CYS,ALA,THR,TYR,THR,GLY,CYS,ILE,ILE,ILE,PRO,GLY
3NIR,THR,28,-65.767,-29.879,LEU,PRO,GLY,THR,SER,GLU,ALA,ILE,CYS,ALA,THR,TYR,THR,GLY,CYS,ILE,ILE,ILE,PRO,GLY,ALA
3NIR,TYR,29,-75.998,-17.307,PRO,GLY,THR,SER,GLU,ALA,ILE,CYS,ALA,THR,TYR,THR,GLY,CYS,ILE,ILE,ILE,PRO,GLY,ALA,THR
3NIR,THR,30,-113.394,-20.02,GLY,THR,SER,GLU,ALA,ILE,CYS,ALA,THR,TYR,THR,GLY,CYS,ILE,ILE,ILE,PRO,GLY,ALA,THR,CYS
3NIR,GLY,31,92.645,-7.151,THR,SER,GLU,ALA,ILE,CYS,ALA,THR,TYR,THR,GLY,CYS,ILE,ILE,ILE,PRO,GLY,ALA,THR,CYS,PRO
3NIR,CYS,32,-67.56,168.678,SER,GLU,ALA,ILE,CYS,ALA,THR,TYR,THR,GLY,CYS,ILE,ILE,ILE,PRO,GLY,ALA,THR,CYS,PRO,GLY
3NIR,ILE,33,-135.27,156.134,GLU,ALA,ILE,CYS,ALA,THR,TYR,THR,GLY,CYS,ILE,ILE,ILE,PRO,GLY,ALA,THR,CYS,PRO,GLY,ASP
3NIR,ILE,34,-109.971,128.03,ALA,ILE,CYS,ALA,THR,TYR,THR,GLY,CYS,ILE,ILE,ILE,PRO,GLY,ALA,THR,CYS,PRO,GLY,ASP,TYR
3NIR,ILE,35,-122.649,155.455,ILE,CYS,ALA,THR,TYR,THR,GLY,CYS,ILE,ILE,ILE,PRO,GLY,ALA,THR,CYS,PRO,GLY,ASP,TYR,ALA
3NIR,PRO,36,-79.685,-26.068,CYS,ALA,THR,TYR,THR,GLY,CYS,ILE,ILE,ILE,PRO,GLY,ALA,THR,CYS,PRO,GLY,ASP,TYR,ALA,EEE
3NIR,GLY,37,-77.952,-172.632,ALA,THR,TYR,THR,GLY,CYS,ILE,ILE,ILE,PRO,GLY,ALA,THR,CYS,PRO,GLY,ASP,TYR,ALA,EEE,EEE
3NIR,ALA,38,-115.998,-2.485,THR,TYR,THR,GLY,CYS,ILE,ILE,ILE,PRO,GLY,ALA,THR,CYS,PRO,GLY,ASP,TYR,ALA,EEE,EEE,EEE
3NIR,THR,39,-111.428,99.399,TYR,THR,GLY,CYS,ILE,ILE,ILE,PRO,GLY,ALA,THR,CYS,PRO,GLY,ASP,TYR,ALA,EEE,EEE,EEE,EEE
3NIR,CYS,40,-74.722,143.381,THR,GLY,CYS,ILE,ILE,ILE,PRO,GLY,ALA,THR,CYS,PRO,GLY,ASP,TYR,ALA,EEE,EEE,EEE,EEE,EEE
3NIR,PRO,41,-78.638,169.735,GLY,CYS,ILE,ILE,ILE,PRO,GLY,ALA,THR,CYS,PRO,GLY,ASP,TYR,ALA,EEE,EEE,EEE,EEE,EEE,EEE
3NIR,GLY,42,-65.88,-20.608,CYS,ILE,ILE,ILE,PRO,GLY,ALA,THR,CYS,PRO,GLY,ASP,TYR,ALA,EEE,EEE,EEE,EEE,EEE,EEE,EEE
3NIR,ASP,43,-92.885,-1.264,ILE,ILE,ILE,PRO,GLY,ALA,THR,CYS,PRO,GLY,ASP,TYR,ALA,EEE,EEE,EEE,EEE,EEE,EEE,EEE,EEE
3NIR,TYR,44,-128.979,58.915,ILE,ILE,PRO,GLY,ALA,THR,CYS,PRO,GLY,ASP,TYR,ALA,EEE,EEE,EEE,EEE,EEE,EEE,EEE,EEE,EEE
3NIR,ALA,45,-88.113,-7.188,ILE,PRO,GLY,ALA,THR,CYS,PRO,GLY,ASP,TYR,ALA,EEE,EEE,EEE,EEE,EEE,EEE,EEE,EEE,EEE,EEE